Name,Type,Value,
va,SOA,john.vatican.va. postmaster.vatican.va. ,
va,NS,john.vatican.va,
va,NS,osiris.namex.it,
va,NS,va.cctld.authdns.ripe.net,
va,NS,michael.vatican.va,
va,NS,dns.nic.it,
va,NS,seth.namex.it,
va,AAAA,2a01:b8:0:1:212:77:0:2,
va,AAAA,2a01:b8:0:1:212:77:0:110,
academyforlife.va,MX,mx11.vatican.va,
academyforlife.va,MX,mx12.vatican.va,
academyforlife.va,TXT,v=spf1 ip4:212.77.4.23 ip4:212.77.4.24 ip4:212.77.4.25 ip4:212.77.4.26 ~all,
acdf.va,MX,mx11.vatican.va,
acdf.va,MX,mx12.vatican.va,
acdf.va,TXT,v=spf1 ip4:212.77.4.23 ip4:212.77.4.24 ip4:212.77.4.25 ip4:212.77.4.26 ~all,
acdlife.va,TXT,v=spf1 ip4:212.77.4.23 ip4:212.77.4.24 ip4:212.77.4.25 ip4:212.77.4.26 ~all,
acdscience.va,MX,mx11.vatican.va,
acdscience.va,MX,mx12.vatican.va,
acdscience.va,TXT,v=spf1 ip4:212.77.4.23 ip4:212.77.4.24 ip4:212.77.4.25 ip4:212.77.4.26 ~all,
acdscsoc.va,MX,mx11.vatican.va,
acdscsoc.va,MX,mx12.vatican.va,
acdscsoc.va,TXT,v=spf1 ip4:212.77.4.23 ip4:212.77.4.24 ip4:212.77.4.25 ip4:212.77.4.26 ~all,
adtempus.va,MX,mx11.vatican.va,
adtempus.va,MX,mx12.vatican.va,
adtempus.va,TXT,v=spf1 ip4:212.77.4.23 ip4:212.77.4.24 ip4:212.77.4.25 ip4:212.77.4.26 ~all,
adv.rv.va,A,185.152.70.45,
aif.va,MX,mx11.vatican.va,
aif.va,MX,mx12.vatican.va,
aif.va,TXT,v=spf1 ip4:212.77.4.23 ip4:212.77.4.24 ip4:212.77.4.25 ip4:212.77.4.26 ~all,
americalatina.va,MX,mx11.vatican.va,
americalatina.va,MX,mx12.vatican.va,
americalatina.va,TXT,google-site-verification=OZfMLh3i3SsK2cVmBpTLYk7QzTmgOBD0ETviqzVAnYk,
americalatina.va,TXT,v=spf1 ip4:212.77.4.23 ip4:212.77.4.24 ip4:212.77.4.25 ip4:212.77.4.26 ~all,
analytics.catholica.va,A,212.77.4.66,
annusfidei.va,MX,mx11.vatican.va,
annusfidei.va,MX,mx12.vatican.va,
annusfidei.va,TXT,google-site-verification=zLWpc9c86MP5E_LYAfZI7EBe4lmB2g6PyMaVe4hUFQ8,
annusfidei.va,TXT,v=spf1 ip4:212.77.4.23 ip4:212.77.4.24 ip4:212.77.4.25 ip4:212.77.4.26 ~all,
apostpnt.va,MX,mx11.vatican.va,
apostpnt.va,MX,mx12.vatican.va,
apostpnt.va,TXT,v=spf1 ip4:212.77.4.23 ip4:212.77.4.24 ip4:212.77.4.25 ip4:212.77.4.26 ~all,
apps.va,CNAME,iwc2.vatican.va,
apsa.va,MX,mx11.vatican.va,
apsa.va,MX,mx12.vatican.va,
apsa.va,TXT,_globalsign-domain-verification=Ih8Cx245SNj9BhKyR7s8-FBxMs5omylpPn9VN_R-bl,
apsa.va,TXT,MS=F03397A033B79B8B41CCC0AC43DC11911BFA2D22,
apsa.va,TXT,v=spf1 ip4:212.77.4.23 ip4:212.77.4.24 ip4:212.77.4.25 ip4:212.77.4.26 ~all,
archivioapostolicovaticano.va,TXT,_globalsign-domain-verification=sSjDEpwa78DaOOrSRnrOmjg-BZnSAaQk8j-0-DMltY,
archivioradiovaticana.va,NS,ns-ext-01.spc.va,
archivioradiovaticana.va,NS,ns-ext-02.spc.va,
archivioradiovaticana.va,NS,spc03.glauco.it,
archivioradiovaticana.va,SOA,ns-ext-01.spc.va. hostmaster.spc.va. 202009010 900 1814400 10800,
archiviostoricopropaganda.va,MX,mx11.vatican.va,
archiviostoricopropaganda.va,MX,mx12.vatican.va,
archiviostoricopropaganda.va,TXT,v=spf1 ip4:212.77.4.23 ip4:212.77.4.24 ip4:212.77.4.25 ip4:212.77.4.26 ~all,
arcsacra.va,MX,mx11.vatican.va,
arcsacra.va,MX,mx12.vatican.va,
arcsacra.va,TXT,v=spf1 ip4:212.77.4.23 ip4:212.77.4.24 ip4:212.77.4.25 ip4:212.77.4.26 ~all,
asv.va,MX,mx11.vatican.va,
asv.va,MX,mx12.vatican.va,
asv.vatican.va,CNAME,cu-disp.spc.va,
attualita.vatican.va,CNAME,irvp-98.catholica.va,
autodiscover.catholica.va,CNAME,imta.vatican.va,
autodiscover.cloud.va,CNAME,imta.vatican.va,
autodiscover.museivaticani.va,CNAME,imta.vatican.va,
autodiscover.net.va,CNAME,imta.vatican.va,
autodiscover.oessh.va,CNAME,imta.vatican.va,
autodiscover.ufn.va,CNAME,imta.vatican.va,
autodiscover.ulsa.va,CNAME,imta.vatican.va,
autodiscover.vatican.va,CNAME,imta.vatican.va,
autodiscover.vaticanstate.va,CNAME,imta.vatican.va,
autodiscover.wyd.va,CNAME,imta.vatican.va,
avepro.va,TXT,v=spf1 ip4:212.77.4.23 ip4:212.77.4.24 ip4:212.77.4.25 ip4:212.77.4.26 ~all,
basilicasantantonio.va,MX,mx11.vatican.va,
basilicasantantonio.va,MX,mx12.vatican.va,
basilicasantantonio.va,TXT,google-site-verification=E3buntcwgsCNkQwfcpbCc8Axt-myxqTCZB1WzpIV5uk,
basilicasantantonio.va,TXT,v=spf1 ip4:212.77.4.23 ip4:212.77.4.24 ip4:212.77.4.25 ip4:212.77.4.26 ~all,
benedettoxvi.va,CNAME,www.vatican.va,
benedictumxvi.va,CNAME,www.vatican.va,
beneficenza.vatican.va,A,212.77.4.141,
biglietteriamusei.vatican.va,A,212.77.4.102,
bollettino.vatican.va,CNAME,iwd2.vatican.va,
box-stg.museivaticani.va,CNAME,idispatcher-staging.catholica.va,
box.museivaticani.va,CNAME,mv-disp.spc.va,
c-stg.vatican.va,CNAME,wcm-stg.catholica.va,
c.vatican.va,CNAME,wcm-disp.spc.va,
capillasixtina.va,CNAME,mv.vatican.va,
cappellamusicalepontificia.va,MX,mx11.vatican.va,
cappellamusicalepontificia.va,MX,mx12.vatican.va,
cappellamusicalepontificia.va,TXT,v=spf1 ip4:212.77.4.23 ip4:212.77.4.24 ip4:212.77.4.25 ip4:212.77.4.26 ~all,
cappellasistina.va,MX,mx11.vatican.va,
cappellasistina.va,MX,mx12.vatican.va,
cappellasistina.va,TXT,v=spf1 ip4:212.77.4.23 ip4:212.77.4.24 ip4:212.77.4.25 ip4:212.77.4.26 ~all,
caritas.va,MX,smtp-out.caritas.va,
caritas.va,TXT,v=spf1 ip4:212.77.12.118 ~all,
casinapioiv.va,TXT,google-site-verification=e4p_-naXXCJE7zCZYQJ7873T_zmaa3pqEB4FDu1IZlI,
catalogo.museivaticani.va,A,212.77.4.16,
catholica.va,MX,mx11.vatican.va,
catholica.va,MX,mx12.vatican.va,
catholica.va,TXT,_globalsign-domain-verification=-net4Xb86uw4CT-_9D11PrWu6BqnXHmwlnFYtnKKbN,
catholica.va,TXT,google-site-verification=YP698PQYi1UpFbCOGR-7vW8HG2ruulGWblf4BK-cDXg,
catholica.va,TXT,v=spf1 ip4:212.77.4.23 ip4:212.77.4.24 ip4:212.77.4.25 ip4:212.77.4.26 ~all,
causesanti.va,MX,mx11.vatican.va,
causesanti.va,MX,mx12.vatican.va,
causesanti.va,TXT,v=spf1 ip4:212.77.4.23 ip4:212.77.4.24 ip4:212.77.4.25 ip4:212.77.4.26 ~all,
cbishops.va,MX,mx11.vatican.va,
cbishops.va,MX,mx12.vatican.va,
cbishops.va,TXT,v=spf1 ip4:212.77.4.23 ip4:212.77.4.24 ip4:212.77.4.25 ip4:212.77.4.26 ~all,
ccatheduc.va,MX,mx11.vatican.va,
ccatheduc.va,MX,mx12.vatican.va,
ccatheduc.va,TXT,v=spf1 ip4:212.77.4.23 ip4:212.77.4.24 ip4:212.77.4.25 ip4:212.77.4.26 ~all,
ccdds.va,MX,mx11.vatican.va,
ccdds.va,MX,mx12.vatican.va,
ccdds.va,TXT,v=spf1 ip4:212.77.4.23 ip4:212.77.4.24 ip4:212.77.4.25 ip4:212.77.4.26 ~all,
cclergy.va,MX,mx11.vatican.va,
cclergy.va,MX,mx12.vatican.va,
cclergy.va,TXT,v=spf1 ip4:212.77.4.23 ip4:212.77.4.24 ip4:212.77.4.25 ip4:212.77.4.26 ~all,
ccscrlife.va,MX,mx11.vatican.va,
ccscrlife.va,MX,mx12.vatican.va,
ccscrlife.va,TXT,v=spf1 ip4:212.77.4.23 ip4:212.77.4.24 ip4:212.77.4.25 ip4:212.77.4.26 ~all,
cdf.va,MX,mx11.vatican.va,
cdf.va,MX,mx12.vatican.va,
cdf.va,TXT,v=spf1 ip4:212.77.4.23 ip4:212.77.4.24 ip4:212.77.4.25 ip4:212.77.4.26 ~all,
cdn-va-disp.spc.va,A,185.152.70.34,
cec.va,MX,mx11.vatican.va,
cec.va,MX,mx12.vatican.va,
celebra.va,MX,mx11.vatican.va,
celebra.va,MX,mx12.vatican.va,
celebra.va,TXT,v=spf1 ip4:212.77.4.23 ip4:212.77.4.24 ip4:212.77.4.25 ip4:212.77.4.26 ~all,
cfaith.va,MX,mx11.vatican.va,
cfaith.va,MX,mx12.vatican.va,
cfaith.va,TXT,v=spf1 ip4:212.77.4.23 ip4:212.77.4.24 ip4:212.77.4.25 ip4:212.77.4.26 ~all,
cfn.va,MX,mx11.vatican.va,
cfn.va,MX,mx12.vatican.va,
cfn.va,TXT,_globalsign-domain-verification=yFbch6Ln1RLDdPuH7K1ppDuC9mLEcv5Eq3NnntgVx6,
cfn.va,TXT,v=spf1 ip4:212.77.4.23 ip4:212.77.4.24 ip4:212.77.4.25 ip4:212.77.4.26 ~all,
chapellesixtine.va,CNAME,mv.vatican.va,
christianunity.va,MX,mx11.vatican.va,
christianunity.va,MX,mx12.vatican.va,
christianunity.va,TXT,v=spf1 ip4:212.77.4.23 ip4:212.77.4.24 ip4:212.77.4.25 ip4:212.77.4.26 ~all,
chrstuni.va,MX,mx11.vatican.va,
chrstuni.va,MX,mx12.vatican.va,
chrstuni.va,TXT,v=spf1 ip4:212.77.4.23 ip4:212.77.4.24 ip4:212.77.4.25 ip4:212.77.4.26 ~all,
ciam.va,MX,mx11.vatican.va,
ciam.va,MX,mx12.vatican.va,
ciam.va,TXT,v=spf1 ip4:212.77.4.23 ip4:212.77.4.24 ip4:212.77.4.25 ip4:212.77.4.26 ~all,
civpn.caritas.va,A,212.77.12.117,
clerus.va,MX,mx11.vatican.va,
clerus.va,MX,mx12.vatican.va,
clerus.va,TXT,v=spf1 ip4:212.77.4.23 ip4:212.77.4.24 ip4:212.77.4.25 ip4:212.77.4.26 ~all,
cms-disp-s.spc.va,A,185.152.70.105,
cms-disp.spc.va,A,185.152.70.101,
cnewa-pmp.va,MX,mx11.vatican.va,
cnewa-pmp.va,MX,mx12.vatican.va,
cnewa-pmp.va,TXT,v=spf1 ip4:212.77.4.23 ip4:212.77.4.24 ip4:212.77.4.25 ip4:212.77.4.26 ~all,
cod-inblu-01.spc.va,A,185.152.70.98,
com.va,MX,mx11.vatican.va,
com.va,MX,mx12.vatican.va,
com.va,TXT,v=spf1 ip4:212.77.4.23 ip4:212.77.4.24 ip4:212.77.4.25 ip4:212.77.4.26 ~all,
congressieucaristici.va,MX,mx11.vatican.va,
congressieucaristici.va,MX,mx12.vatican.va,
congressieucaristici.va,TXT,google-site-verification=KIVN8A1pRA3XRJwHbBsLNpBGNXzLK1qJBPq6Q6LPw4o,
congressieucaristici.va,TXT,v=spf1 ip4:212.77.4.23 ip4:212.77.4.24 ip4:212.77.4.25 ip4:212.77.4.26 ~all,
corunum.va,MX,mx11.vatican.va,
corunum.va,MX,mx12.vatican.va,
corunum.va,TXT,v=spf1 ip4:212.77.4.23 ip4:212.77.4.24 ip4:212.77.4.25 ip4:212.77.4.26 ~all,
cp-inter.catholica.va,A,212.77.2.184,
csaints.va,MX,mx11.vatican.va,
csaints.va,MX,mx12.vatican.va,
csaints.va,TXT,v=spf1 ip4:212.77.4.23 ip4:212.77.4.24 ip4:212.77.4.25 ip4:212.77.4.26 ~all,
csp.va,MX,mx11.vatican.va,
csp.va,MX,mx12.vatican.va,
csp.va,TXT,v=spf1 ip4:212.77.4.23 ip4:212.77.4.24 ip4:212.77.4.25 ip4:212.77.4.26 ~all,
cspietro.va,MX,mx11.vatican.va,
cspietro.va,MX,mx12.vatican.va,
cu-disp.spc.va,A,185.152.70.30,
cu-disp.spc.va,TXT,v=spf1 ip4:212.77.4.23 ip4:212.77.4.24 ip4:212.77.4.25 ip4:212.77.4.26 ~all,
cultr.va,MX,mx11.vatican.va,
cultr.va,MX,mx12.vatican.va,
cultr.va,TXT,v=spf1 ip4:212.77.4.23 ip4:212.77.4.24 ip4:212.77.4.25 ip4:212.77.4.26 ~all,
cultura.va,MX,mx11.vatican.va,
cultura.va,MX,mx12.vatican.va,
cultura.va,TXT,google-site-verification=z6OIhKi-IbE9WxufCzUmKrbsfQfy2oo8B8W5ClJwIHM,
cultura.va,TXT,v=spf1 ip4:212.77.4.23 ip4:212.77.4.24 ip4:212.77.4.25 ip4:212.77.4.26 ~all,
culturalpatrimony.va,MX,mx11.vatican.va,
culturalpatrimony.va,MX,mx12.vatican.va,
culturalpatrimony.va,TXT,v=spf1 ip4:212.77.4.23 ip4:212.77.4.24 ip4:212.77.4.25 ip4:212.77.4.26 ~all,
dispensariosantamarta.va,MX,mx11.vatican.va,
dispensariosantamarta.va,MX,mx12.vatican.va,
dispensariosantamarta.va,TXT,v=spf1 ip4:212.77.4.23 ip4:212.77.4.24 ip4:212.77.4.25 ip4:212.77.4.26 ~all,
dns.vatican.va,CNAME,michael.vatican.va,
dns2.vatican.va,A,212.77.0.7,
donatio.catholica.va,CNAME,irvproxy-ngx.catholica.va,
dotto.vatican.va,A,212.77.0.161,
drive.cloud.va,A,212.77.4.115,
drive.spc.va,A,185.152.70.108,
e.va,A,185.152.70.15,
e.va,MX,mxgw-01.spc.va,
e.va,MX,mxgw-01.spc.va,
e.va,MX,mxgw-02.spc.va,
e.va,MX,mxgw-02.spc.va,
e.va,NS,ns-ext-01.spc.va,
e.va,NS,ns-ext-02.spc.va,
e.va,NS,spc03.glauco.it,
e.va,SOA,ns-ext-01.spc.va. hostmaster.spc.va. 202012150 900 1814400 10800,
e.va,TXT,_globalsign-domain-verification=OXP8vYZTV5KRM10g9cQdy5ossmSJhtIwWC23yhWsxR,
e.va,TXT,_globalsign-domain-verification=WhAeDDEtQ4Z5gzSK3jjc9W49g-b6oc2NaalJFs7-NM,
e.va,TXT,Tk8Vf9gHhjjn8Op/L0A0Gxfw6q3gSushPcAPoePb1aE=,
e.va,TXT,v=spf1MX|a:mail.spc.va|a:mxgw-master.spc.va|a:mxgw-01.spc.va|a:mxgw-02.spc.va|-all,
ecclsdei.va,TXT,v=spf1 ip4:212.77.4.23 ip4:212.77.4.24 ip4:212.77.4.25 ip4:212.77.4.26 ~all,
ecommerce-mv.catholica.va,A,212.77.4.89,
ecommerce-sf.catholica.va,A,212.77.4.92,
econaffr.va,MX,mx11.vatican.va,
econaffr.va,MX,mx12.vatican.va,
econaffr.va,TXT,v=spf1 ip4:212.77.4.23 ip4:212.77.4.24 ip4:212.77.4.25 ip4:212.77.4.26 ~all,
edge1.vatican.va,A,212.77.6.57,
edge1.vatican.va,AAAA,2a01:b8:0:1:212:77:6:57,
edge2.vatican.va,A,212.77.6.58,
edge2.vatican.va,AAAA,2a01:b8:0:1:212:77:6:58,
educatio.va,MX,mx11.vatican.va,
educatio.va,MX,mx12.vatican.va,
educatio.va,TXT,google-site-verification=CPmaBicDCwBHIxWdSw1wHSOAX2U9eytuBlsO_6W5BXA,
educatio.va,TXT,v=spf1 ip4:212.77.4.23 ip4:212.77.4.24 ip4:212.77.4.25 ip4:212.77.4.26 ~all,
elemos.va,MX,mx11.vatican.va,
elemos.va,MX,mx12.vatican.va,
elemos.va,TXT,v=spf1 ip4:212.77.4.23 ip4:212.77.4.24 ip4:212.77.4.25 ip4:212.77.4.26 ~all,
elemosineria.va,MX,mx11.vatican.va,
elemosineria.va,MX,mx12.vatican.va,
elemosineria.va,TXT,globalsign-domain-verification=_lJhBUWYiyTMo2g6BIVNU0BaimqRBulXjjOF82_NRS,
elemosineria.va,TXT,v=spf1 ip4:212.77.4.23 ip4:212.77.4.24 ip4:212.77.4.25 ip4:212.77.4.26 ~all,
elemosineria.va,TXT,whmpOPZPfIp6+JTQfTVyPTkLxOeeVpWvHXjxHS0Nj7g=,
emanuele.catholica.va,A,212.77.2.205,
emm-mailer-02.spclists.va,A,185.152.70.135,
emm-mailer-03.spclists.va,A,185.152.70.136,
emm-mailer-04.spclists.va,A,185.152.70.137,
enic.va,MX,mx11.vatican.va,
enic.va,MX,mx12.vatican.va,
enic.va,TXT,v=spf1 ip4:212.77.4.23 ip4:212.77.4.24 ip4:212.77.4.25 ip4:212.77.4.26 ~all,
enum.va,MX,mx11.vatican.va,
enum.va,MX,mx12.vatican.va,
enum.va,TXT,v=spf1 ip4:212.77.4.23 ip4:212.77.4.24 ip4:212.77.4.25 ip4:212.77.4.26 ~all,
eolo.vatican.va,A,212.77.0.162,
epay.catholica.va,CNAME,irvp-67.catholica.va,
episconf.va,MX,mx11.vatican.va,
episconf.va,MX,mx12.vatican.va,
episconf.va,TXT,v=spf1 ip4:212.77.4.23 ip4:212.77.4.24 ip4:212.77.4.25 ip4:212.77.4.26 ~all,
ers.spc.va,A,185.152.70.49,
eu.va,MX,mx11.vatican.va,
eu.va,MX,mx12.vatican.va,
eu.va,TXT,v=spf1 ip4:212.77.4.23 ip4:212.77.4.24 ip4:212.77.4.25 ip4:212.77.4.26 ~all,
euchcng.va,MX,mx11.vatican.va,
euchcng.va,MX,mx12.vatican.va,
euchcng.va,TXT,v=spf1 ip4:212.77.4.23 ip4:212.77.4.24 ip4:212.77.4.25 ip4:212.77.4.26 ~all,
evangel.va,MX,mx11.vatican.va,
evangel.va,MX,mx12.vatican.va,
evangel.va,TXT,v=spf1 ip4:212.77.4.23 ip4:212.77.4.24 ip4:212.77.4.25 ip4:212.77.4.26 ~all,
eym.va,A,212.77.4.15,
f.e.va,CNAME,e.va,
fabricsp.va,MX,mx11.vatican.va,
fabricsp.va,MX,mx12.vatican.va,
fabricsp.va,TXT,v=spf1 ip4:212.77.4.23 ip4:212.77.4.24 ip4:212.77.4.25 ip4:212.77.4.26 ~all,
family.va,MX,mx11.vatican.va,
family.va,MX,mx12.vatican.va,
family.va,TXT,v=spf1 ip4:212.77.4.23 ip4:212.77.4.24 ip4:212.77.4.25 ip4:212.77.4.26 ~all,
farmaciavaticana.va,TXT,globalsign-domain-verification=s6W2Envy-p1YEVdXfiAYiISq8fuASyqh6dOm1BB4mJ,
fas.va,TXT,_globalsign-domain-verification=6kMRPtmMoROW5TGz789UcfLOMEoiwkHes7VUz7Djb8,
fas.va,TXT,v=spf1 ip4:212.77.4.23 ip4:212.77.4.24 ip4:212.77.4.25 ip4:212.77.4.26 ~all,
fides.va,MX,mx11.vatican.va,
fides.va,MX,mx12.vatican.va,
filippo.spc.va,A,185.152.70.2,
fondazioneratzinger.va,MX,mx11.vatican.va,
fondazioneratzinger.va,MX,mx12.vatican.va,
fondazioneratzinger.va,TXT,google-site-verification=t_PHp0iemuJ1o8o6y3Ldrj9QC68SQqXgPi-zCcTm76Q,
fondazioneratzinger.va,TXT,v=spf1 ip4:212.77.4.23 ip4:212.77.4.24 ip4:212.77.4.25 ip4:212.77.4.26 ~all,
fondazionevaticanagpi.va,MX,mx11.vatican.va,
fondazionevaticanagpi.va,MX,mx12.vatican.va,
fondopensioni.va,MX,mx11.vatican.va,
fondopensioni.va,MX,mx12.vatican.va,
fondopensioni.va,TXT,v=spf1 ip4:212.77.4.23 ip4:212.77.4.24 ip4:212.77.4.25 ip4:212.77.4.26 ~all,
foundation.va,MX,mx11.vatican.va,
foundation.va,MX,mx12.vatican.va,
foundation.va,TXT,v=spf1 ip4:212.77.4.23 ip4:212.77.4.24 ip4:212.77.4.25 ip4:212.77.4.26 ~all,
fsp.va,MX,mx11.vatican.va,
fsp.va,MX,mx12.vatican.va,
fsp.va,TXT,v=spf1 ip4:212.77.4.23 ip4:212.77.4.24 ip4:212.77.4.25 ip4:212.77.4.26 ~all,
gabriel.vatican.va,A,212.77.1.249,
gabriele.catholica.va,A,212.77.2.197,
genaff-segstat.va,MX,mx11.vatican.va,
genaff-segstat.va,MX,mx12.vatican.va,
genaff-segstat.va,TXT,v=spf1 ip4:212.77.4.23 ip4:212.77.4.24 ip4:212.77.4.25 ip4:212.77.4.26 ~all,
gigapop.vatican.va,A,212.77.0.254,
giubileo-2000.va,MX,mx11.vatican.va,
giubileo-2000.va,MX,mx12.vatican.va,
giubileo-2000.va,TXT,v=spf1 ip4:212.77.4.23 ip4:212.77.4.24 ip4:212.77.4.25 ip4:212.77.4.26 ~all,
gloria.vatican.va,A,212.77.1.194,
gloria.vatican.va,MX,john.vatican.va,
gov.va,MX,mx11.vatican.va,
gov.va,MX,mx12.vatican.va,
gov.va,TXT,v=spf1 ip4:212.77.4.23 ip4:212.77.4.24 ip4:212.77.4.25 ip4:212.77.4.26 ~all,
gsearch.vatican.va,CNAME,wcm-disp.spc.va,
highereducation.va,MX,mx11.vatican.va,
highereducation.va,MX,mx12.vatican.va,
highereducation.va,TXT,v=spf1 ip4:212.77.4.23 ip4:212.77.4.24 ip4:212.77.4.25 ip4:212.77.4.26 ~all,
historia.va,MX,mx11.vatican.va,
historia.va,MX,mx12.vatican.va,
historia.va,TXT,v=spf1 ip4:212.77.4.23 ip4:212.77.4.24 ip4:212.77.4.25 ip4:212.77.4.26 ~all,
hlthwork.va,MX,mx11.vatican.va,
hlthwork.va,MX,mx12.vatican.va,
hlthwork.va,TXT,v=spf1 ip4:212.77.4.23 ip4:212.77.4.24 ip4:212.77.4.25 ip4:212.77.4.26 ~all,
humandevelopment.va,MX,mx11.vatican.va,
humandevelopment.va,MX,mx12.vatican.va,
humandevelopment.va,TXT,v=spf1 ip4:212.77.4.23 ip4:212.77.4.24 ip4:212.77.4.25 ip4:212.77.4.26 ~all,
idispatcher-staging.catholica.va,A,212.77.4.179,
idispatcher.catholica.va,A,212.77.4.180,
idp.catholica.va,CNAME,irvp-97.catholica.va,
im.va,MX,mx11.vatican.va,
im.va,MX,mx12.vatican.va,
im.va,TXT,v=spf1 ip4:212.77.4.23 ip4:212.77.4.24 ip4:212.77.4.25 ip4:212.77.4.26 ~all,
imr.vatican.va,A,212.77.6.69,
imr.vatican.va,AAAA,2a01:b8:0:1:212:77:6:69,
imr.vatican.va,MX,raphaelmx1.posta.va,
imr.vatican.va,MX,raphaelmx2.posta.va,
imta.vatican.va,A,212.77.4.214,
info.oessh.va,CNAME,iwc2.vatican.va,
int.va,MX,mx11.vatican.va,
int.va,MX,mx12.vatican.va,
int.va,TXT,v=spf1 ip4:212.77.4.23 ip4:212.77.4.24 ip4:212.77.4.25 ip4:212.77.4.26 ~all,
interelg.va,MX,mx11.vatican.va,
interelg.va,MX,mx12.vatican.va,
interelg.va,TXT,v=spf1 ip4:212.77.4.23 ip4:212.77.4.24 ip4:212.77.4.25 ip4:212.77.4.26 ~all,
intrptxt.va,MX,mx11.vatican.va,
intrptxt.va,MX,mx12.vatican.va,
intrptxt.va,TXT,v=spf1 ip4:212.77.4.23 ip4:212.77.4.24 ip4:212.77.4.25 ip4:212.77.4.26 ~all,
ior.va,MX,mx11.vatican.va,
ior.va,MX,mx12.vatican.va,
ior.va,TXT,v=spf1 ip4:212.77.4.23 ip4:212.77.4.24 ip4:212.77.4.25 ip4:212.77.4.26 include:musvc.com ~all,
ipm.cloud.va,A,212.77.5.70,
irvp-103-oessh.catholica.va,A,212.77.4.103,
irvp-110-wyd-staging.catholica.va,A,212.77.4.110,
irvp-111-wyd.catholica.va,A,212.77.4.111,
irvp-112-wyd-bo.catholica.va,A,212.77.4.112,
irvp-40-vaticloud-stg.catholica.va,A,212.77.4.40,
irvp-50-vaticloud.catholica.va,A,212.77.4.50,
irvp-67.catholica.va,A,212.77.4.67,
irvp-68-sigri-apsa.catholica.va,A,212.77.4.68,
irvp-76-vatican.catholica.va,A,212.77.4.76,
irvp-77.catholica.va,A,212.77.4.77,
irvp-78.catholica.va,A,212.77.4.78,
irvp-81-oessh.catholica.va,A,212.77.4.81,
irvp-82-tutelaminorum.catholica.va,A,212.77.4.82,
irvp-83-servizigov.catholica.va,A,212.77.4.83,
irvp-84-sigrispe.catholica.va,A,212.77.4.84,
irvp-86-sigri.catholica.va,A,212.77.4.86,
irvp-89-mvshop.catholica.va,A,212.77.4.89,
irvp-96.catholica.va,A,212.77.4.96,
irvp-97.catholica.va,A,212.77.4.97,
irvp-98.catholica.va,A,212.77.4.98,
irvp-99.catholica.va,A,212.77.4.99,
irvproxy-ngx.catholica-stg.va,A,212.77.4.105,
irvproxy-ngx.catholica.va,A,212.77.4.144,
irvproxy-staging.catholica.va,A,212.77.4.95,
irvproxy.catholica.va,A,212.77.4.88,
isidoro.vatican.va,CNAME,vportal.catholica.va,
ispeedtest.catholica.va,A,212.77.4.19,
iubilaeummisericordiae.va,MX,mx11.vatican.va,
iubilaeummisericordiae.va,MX,mx12.vatican.va,
iubilaeummisericordiae.va,TXT,v=spf1 ip4:212.77.4.23 ip4:212.77.4.24 ip4:212.77.4.25 ip4:212.77.4.26 ~all,
iwc2-121-stg.catholica.va,A,212.77.1.121,
iwc2-122-stg.catholica.va,A,212.77.1.122,
iwc2-21.catholica.va,A,212.77.1.21,
iwc2-22.catholica.va,A,212.77.1.22,
iwc2-31.catholica.va,A,212.77.1.31,
iwc2-32.catholica.va,A,212.77.1.32,
iwc2.vatican.va,A,212.77.1.21,
iwc2.vatican.va,A,212.77.1.22,
iwc2.vatican.va,A,212.77.1.31,
iwc2.vatican.va,A,212.77.1.32,
iwd2.vatican.va,A,212.77.1.40,
iwd2.vatican.va,A,212.77.1.50,
john.vatican.va,A,212.77.0.110,
john.vatican.va,AAAA,2a01:b8:0:1:212:77:0:110,
john.vatican.va,MX,john.vatican.va,
jubilee-2000.va,MX,mx11.vatican.va,
jubilee-2000.va,MX,mx12.vatican.va,
jubilee-2000.va,TXT,v=spf1 ip4:212.77.4.23 ip4:212.77.4.24 ip4:212.77.4.25 ip4:212.77.4.26 ~all,
justpeace.va,MX,mx11.vatican.va,
justpeace.va,MX,mx12.vatican.va,
justpeace.va,TXT,v=spf1 ip4:212.77.4.23 ip4:212.77.4.24 ip4:212.77.4.25 ip4:212.77.4.26 ~all,
laici.va,MX,mx11.vatican.va,
laici.va,MX,mx12.vatican.va,
laici.va,TXT,google-site-verification=Pw29FUGM7B8q5frj3GNCOpFBkqgenYs9yDQycLUXQRw,
laici.va,TXT,v=spf1 ip4:212.77.4.23 ip4:212.77.4.24 ip4:212.77.4.25 ip4:212.77.4.26 ~all,
laity.va,MX,mx11.vatican.va,
laity.va,MX,mx12.vatican.va,
laity.va,TXT,v=spf1 ip4:212.77.4.23 ip4:212.77.4.24 ip4:212.77.4.25 ip4:212.77.4.26 ~all,
laityfamilylife.va,MX,mx11.vatican.va,
laityfamilylife.va,MX,mx12.vatican.va,
laityfamilylife.va,TXT,v=spf1 ip4:212.77.4.23 ip4:212.77.4.24 ip4:212.77.4.25 ip4:212.77.4.26 ~all,
latinamer.va,MX,mx11.vatican.va,
latinamer.va,MX,mx12.vatican.va,
latinamer.va,TXT,v=spf1 ip4:212.77.4.23 ip4:212.77.4.24 ip4:212.77.4.25 ip4:212.77.4.26 ~all,
latinitas.va,MX,mx11.vatican.va,
latinitas.va,MX,mx12.vatican.va,
latinitas.va,TXT,v=spf1 ip4:212.77.4.23 ip4:212.77.4.24 ip4:212.77.4.25 ip4:212.77.4.26 ~all,
lc.catholica.va,CNAME,irvproxy.catholica.va,
legtxt.va,MX,mx11.vatican.va,
legtxt.va,MX,mx12.vatican.va,
legtxt.va,TXT,v=spf1 ip4:212.77.4.23 ip4:212.77.4.24 ip4:212.77.4.25 ip4:212.77.4.26 ~all,
libreriaeditricevaticana.va,A,185.152.70.16,
libreriaeditricevaticana.va,MX,mxgw-01.spc.va,
libreriaeditricevaticana.va,MX,mxgw-02.spc.va,
libreriaeditricevaticana.va,NS,ns-ext-01.spc.va,
libreriaeditricevaticana.va,NS,ns-ext-02.spc.va,
libreriaeditricevaticana.va,NS,spc03.glauco.it,
libreriaeditricevaticana.va,SOA,ns-ext-01.spc.va. hostmaster.spc.va. 202009300 900 1814400 10800,
libreriaeditricevaticana.va,TXT,Lff4//0uhgdICTqEaGKlJcLTW8Ejyu680phkqL7s+Xg=,
libreriaeditricevaticana.va,TXT,SkL79PLT+u7bMoM6fgeVtkDWccXV3GHkwMxnugzAwo4=,
libreriaeditricevaticana.va,TXT,v=spf1MX|a:mail.spc.va|a:mx-pps-master.spc.va|a:mx-pps-01.spc.va|a:mx-pps-02.spc.va|-all,
localhost.va,A,127.0.0.1,
localhost.vatican.va,A,127.0.0.1,
localhost.vatican.va,AAAA,::1,
m.museivaticani.va,CNAME,mv-disp.spc.va,
m.vatican.va,CNAME,wcm-disp.spc.va,
m2.vatican.va,CNAME,wcm-disp.spc.va,
mail.cloud.va,CNAME,imta.vatican.va,
mail.vatican.va,CNAME,imta.vatican.va,
mailing.museivaticani.va,A,212.77.4.135,
mariabambina.va,MX,mx11.vatican.va,
mariabambina.va,MX,mx12.vatican.va,
mariabambina.va,TXT,v=spf1 ip4:212.77.4.23 ip4:212.77.4.24 ip4:212.77.4.25 ip4:212.77.4.26 ~all,
mattia.spc.va,A,185.152.69.147,
media.vatican.va,A,194.185.176.212,
media.vaticannews.va,CNAME,media-vn.azureedge.net,
mediastream.vatican.va,A,212.77.7.148,
mhsfao.va,MX,mx11.vatican.va,
mhsfao.va,MX,mx12.vatican.va,
mhsfao.va,TXT,v=spf1 ip4:212.77.4.23 ip4:212.77.4.24 ip4:212.77.4.25 ip4:212.77.4.26 ~all,
mhstour.va,MX,mx11.vatican.va,
mhstour.va,MX,mx12.vatican.va,
mhstour.va,TXT,v=spf1 ip4:212.77.4.23 ip4:212.77.4.24 ip4:212.77.4.25 ip4:212.77.4.26 ~all,
michael.vatican.va,A,212.77.0.2,
michael.vatican.va,AAAA,2a01:b8:0:1:212:77:0:2,
michele.catholica.va,A,212.77.2.149,
michele.vatican.va,A,212.77.0.160,
migrants.va,MX,mx11.vatican.va,
migrants.va,MX,mx12.vatican.va,
migrants.va,TXT,v=spf1 ip4:212.77.4.23 ip4:212.77.4.24 ip4:212.77.4.25 ip4:212.77.4.26 ~all,
mlists.vatican.va,A,212.77.5.115,
mlists.vatican.va,MX,mlists.vatican.va,
mlists.vatican.va,TXT,v=spf1 +A|+MX|ip4:212.77.5.115 -all,
mobile.museivaticani.va,CNAME,idispatcher.catholica.va,
mobile.vatican.va,CNAME,wcm-disp.spc.va,
mtagw-02.vatican.va,A,212.77.4.24,
mtagw-03.vatican.va,A,212.77.4.25,
mtagw.vatican.va,A,212.77.4.23,
multigigapop-re.vatican.va,A,212.77.0.1,
multigigapop-re.vatican.va,AAAA,2a01:b8::1,
multigigapop1.vatican.va,A,212.77.0.3,
multigigapop2.vatican.va,A,212.77.0.5,
musei-test.vatican.va,CNAME,irvproxy-ngx.catholica-stg.va,
musei.vatican.va,CNAME,irvproxy.catholica.va,
museivaticani.va,MX,mx11.vatican.va,
museivaticani.va,MX,mx12.vatican.va,
museivaticani.va,TXT,_globalsign-domain-verification=d4Z80bTUV6SA8thggYaT10lED-nFzHD-8UMaeTAUTF,
museivaticani.va,TXT,google-site-verification=42CoLefNy-i-wph3egpTd8xZePJOOPx0QIyk9aZtSyk,
museivaticani.va,TXT,v=spf1 ip4:212.77.4.23 ip4:212.77.4.24 ip4:212.77.4.25 ip4:212.77.4.26 ~all,
museum.va,MX,mx11.vatican.va,
museum.va,MX,mx12.vatican.va,
museum.va,TXT,v=spf1 ip4:212.77.4.23 ip4:212.77.4.24 ip4:212.77.4.25 ip4:212.77.4.26 ~all,
musica-sacra.va,MX,mx11.vatican.va,
musica-sacra.va,MX,mx12.vatican.va,
musica-sacra.va,TXT,v=spf1 ip4:212.77.4.23 ip4:212.77.4.24 ip4:212.77.4.25 ip4:212.77.4.26 ~all,
musicasacra.va,TXT,google-site-verification=xhNI6w7qRUzeC3mdNfoxOR-v7AMBvEMDEAcl8qQ6Gxw,
musicasacra.va,TXT,v=spf1 ip4:212.77.4.23 ip4:212.77.4.24 ip4:212.77.4.25 ip4:212.77.4.26 ~all,
mv-disp.spc.va,A,185.152.70.31,
mv.vatican.va,CNAME,irvproxy.catholica.va,
mvappguide.museivaticani.va,A,212.77.4.75,
mvs.museivaticani.va,A,212.77.4.45,
mx-mm.spclists.va,A,185.152.70.140,
mx11.vatican.va,A,212.77.5.111,
mx12.vatican.va,A,212.77.5.112,
mx20.vatican.va,A,212.77.5.120,
mx21.vatican.va,A,212.77.5.121,
mxgw-master.spc.va,A,185.152.70.150,
nessus.catholica.va,A,212.77.7.179,
net.va,MX,mx20.vatican.va,
net.va,MX,mx21.vatican.va,
net.va,TXT,google-site-verification=j0_vwxW1u-CzEl6kb7f8w5iReL7S88rEx8-iVlJPzCY,
net.va,TXT,v=spf1 ip4:212.77.4.23/32 ip4:212.77.4.24/32 ip4:212.77.4.25/32 ip4:212.77.4.26/32 ~all,
news.va,MX,mxgw-01.spc.va,
news.va,MX,mxgw-02.spc.va,
news.va,NS,ns-ext-01.spc.va,
news.va,NS,ns-ext-02.spc.va,
news.va,NS,spc03.glauco.it,
news.va,SOA,ns-ext-01.spc.va. hostmaster.spc.va. 202009020 900 1814400 10800,
news.va,TXT,v=spf1MX|a:mail.spc.va|a:mxgw-master.spc.va|a:mxgw-01.spc.va|a:mxgw-02.spc.va|-all,
nic.va,MX,mx11.vatican.va,
nic.va,MX,mx12.vatican.va,
noc.va,MX,mx11.vatican.va,
noc.va,MX,mx12.vatican.va,
noc.va,TXT,v=spf1 ip4:212.77.4.23 ip4:212.77.4.24 ip4:212.77.4.25 ip4:212.77.4.26 ~all,
novaevangelizatio.va,MX,mx11.vatican.va,
novaevangelizatio.va,MX,mx12.vatican.va,
novaevangelizatio.va,TXT,v=spf1 ip4:212.77.4.23 ip4:212.77.4.24 ip4:212.77.4.25 ip4:212.77.4.26 ~all,
ns-ext-02.spc.va,A,185.152.70.126,
nuntius.va,MX,mx11.vatican.va,
nuntius.va,MX,mx12.vatican.va,
nuntius.va,TXT,v=spf1 ip4:212.77.4.23 ip4:212.77.4.24 ip4:212.77.4.25 ip4:212.77.4.26 ~all,
nunzio.va,TXT,v=spf1 ip4:212.77.4.23 ip4:212.77.4.24 ip4:212.77.4.25 ip4:212.77.4.26 ~all,
oessh.va,MX,mx11.vatican.va,
oessh.va,MX,mx12.vatican.va,
oessh.va,TXT,globalsign-domain-verification=TXVgeSHPC30_uvLbka2HjjweRm12hp0EzTR_oeKxW4,
oessh.va,TXT,v=spf1 ip4:212.77.4.23 ip4:212.77.4.24 ip4:212.77.4.25 ip4:212.77.4.26 ~all,
org.va,MX,mx11.vatican.va,
org.va,MX,mx12.vatican.va,
org.va,TXT,v=spf1 ip4:212.77.4.23 ip4:212.77.4.24 ip4:212.77.4.25 ip4:212.77.4.26 ~all,
orientchurch.va,MX,mx11.vatican.va,
orientchurch.va,MX,mx12.vatican.va,
orientchurch.va,TXT,_globalsign-domain-verification=YD57tqFyjiYomonZAFkGEV6I9wzLP5oK8sAT6ByRcB,
orientchurch.va,TXT,v=spf1 ip4:212.77.4.23 ip4:212.77.4.24 ip4:212.77.4.25 ip4:212.77.4.26 ~all,
origin1.vatican.va,A,212.77.6.55,
origin1.vatican.va,AAAA,2a01:b8:0:1:212:77:6:55,
ossrom.va,MX,mxgw-01.spc.va,
ossrom.va,MX,mxgw-02.spc.va,
ossrom.va,NS,ns-ext-01.spc.va,
ossrom.va,NS,ns-ext-02.spc.va,
ossrom.va,NS,spc03.glauco.it,
ossrom.va,SOA,ns-ext-01.spc.va. hostmaster.spc.va. 202001140 900 1814400 10800,
ossrom.va,TXT,v=spf1 aMX|ip4:212.77.4.211 ?all,
owa.cloud.va,CNAME,imta.vatican.va,
pa-cp.catholica.va,CNAME,irvproxy.catholica.va,
paess.va,MX,mx11.vatican.va,
paess.va,MX,mx12.vatican.va,
pas.va,MX,mx11.vatican.va,
pas.va,MX,mx12.vatican.va,
pas.va,TXT,v=spf1 ip4:212.77.4.23 ip4:212.77.4.24 ip4:212.77.4.25 ip4:212.77.4.26 ~all,
pass.va,MX,mx11.vatican.va,
pass.va,MX,mx12.vatican.va,
pass.va,TXT,google-site-verification=NaVyhgHt9Agv4RPayMkbVWkevNer6rt5apBdreDJSso,
pass.va,TXT,v=spf1 ip4:212.77.4.23 ip4:212.77.4.24 ip4:212.77.4.25 ip4:212.77.4.26 ~all,
past.va,MX,mx11.vatican.va,
past.va,MX,mx12.vatican.va,
past.va,TXT,v=spf1 ip4:212.77.4.23 ip4:212.77.4.24 ip4:212.77.4.25 ip4:212.77.4.26 ~all,
patheologica.va,MX,mx11.vatican.va,
patheologica.va,MX,mx12.vatican.va,
patheologica.va,TXT,v=spf1 ip4:212.77.4.23 ip4:212.77.4.24 ip4:212.77.4.25 ip4:212.77.4.26 ~all,
patrons.va,MX,mx11.vatican.va,
patrons.va,MX,mx12.vatican.va,
patrons.va,TXT,v=spf1 ip4:212.77.4.23 ip4:212.77.4.24 ip4:212.77.4.25 ip4:212.77.4.26 ~all,
pcchc.va,MX,mx11.vatican.va,
pcchc.va,MX,mx12.vatican.va,
pcchc.va,TXT,v=spf1 ip4:212.77.4.23 ip4:212.77.4.24 ip4:212.77.4.25 ip4:212.77.4.26 ~all,
pcpne.va,MX,mx11.vatican.va,
pcpne.va,MX,mx12.vatican.va,
pcpne.va,TXT,v=spf1 ip4:212.77.4.23 ip4:212.77.4.24 ip4:212.77.4.25 ip4:212.77.4.26 ~all,
penitenzieria.va,MX,mx11.vatican.va,
penitenzieria.va,MX,mx12.vatican.va,
penitenzieria.va,TXT,v=spf1 ip4:212.77.4.23 ip4:212.77.4.24 ip4:212.77.4.25 ip4:212.77.4.26 ~all,
peregrinatio.va,MX,mx11.vatican.va,
peregrinatio.va,MX,mx12.vatican.va,
petrus.va,MX,mx11.vatican.va,
petrus.va,MX,mx12.vatican.va,
petrus.va,TXT,v=spf1 ip4:212.77.4.23 ip4:212.77.4.24 ip4:212.77.4.25 ip4:212.77.4.26 ~all,
photo.va,NS,ns-ext-01.spc.va,
photo.va,NS,ns-ext-02.spc.va,
photo.va,NS,spc03.glauco.it,
photo.va,SOA,ns-ext-01.spc.va. hostmaster.spc.va. 202103170 900 1814400 10800,
photogallery.va,TXT,google-site-verification=9nPnrfPZ3nkgrNmjIJSZDLN5xah67TWbBfONHVPO3Ng,
pmva1.vatican.va,A,212.77.6.81,
pmva1.vatican.va,AAAA,2a01:b8:0:1:212:77:6:81,
pmva1.vatican.va,MX,pmva1.vatican.va,
pmva2.vatican.va,A,212.77.6.82,
pmva2.vatican.va,AAAA,2a01:b8:0:1:212:77:6:82,
pmva2.vatican.va,MX,pmva2.vatican.va,
pmx.vatican.va,A,212.77.6.63,
pmx.vatican.va,AAAA,2a01:b8:0:1:212:77:6:63,
pmx.vatican.va,MX,pmx.vatican.va,
poim.va,MX,mx11.vatican.va,
poim.va,MX,mx12.vatican.va,
poim.va,TXT,v=spf1 ip4:212.77.4.23 ip4:212.77.4.24 ip4:212.77.4.25 ip4:212.77.4.26 ~all,
popesprayer.va,A,212.77.5.15,
popesprayer.va,MX,mx11.vatican.va,
popesprayer.va,MX,mx12.vatican.va,
popesprayer.va,TXT,_globalsign-domain-verification=zUSP4MvzN8_1_Tk1Ocpb_7hjXdPeH4GWZ1efUuU8bq,
popesprayer.va,TXT,google-site-verification=r4s5lRwFRWPx03jPRb9J2D4LDFGYaecPo6y5czExK5o,
popesprayer.va,TXT,v=spf1 ip4:212.77.4.23 ip4:212.77.4.24 ip4:212.77.4.25 ip4:212.77.4.26 ~all,
pospa.va,MX,mx11.vatican.va,
pospa.va,MX,mx12.vatican.va,
pospa.va,TXT,v=spf1 ip4:212.77.4.23 ip4:212.77.4.24 ip4:212.77.4.25 ip4:212.77.4.26 ~all,
posta.vatican.va,CNAME,imta.vatican.va,
postino.vatican.va,CNAME,irvp-76-vatican.catholica.va,
ppoomm.va,MX,mx11.vatican.va,
ppoomm.va,MX,mx12.vatican.va,
ppoomm.va,TXT,v=spf1 ip4:212.77.4.23 ip4:212.77.4.24 ip4:212.77.4.25 ip4:212.77.4.26 ~all,
ppoomm.va,TXT,wMfs62nbcxbjZ3Uxas1aJ18FmxjfK2BVAqWZ++p+CMc=,
press.catholica.va,CNAME,wcm.catholica.va,
press.vatican.va,CNAME,press-vatican.azureedge.net,
pressoffice.va,MX,mx11.vatican.va,
pressoffice.va,MX,mx12.vatican.va,
pressoffice.va,TXT,v=spf1 ip4:212.77.4.23 ip4:212.77.4.24 ip4:212.77.4.25 ip4:212.77.4.26 ~all,
pressva.va,MX,mxgw-01.spc.va,
pressva.va,MX,mxgw-02.spc.va,
pressva.va,NS,ns-ext-01.spc.va,
pressva.va,NS,ns-ext-02.spc.va,
pressva.va,NS,spc03.glauco.it,
pressva.va,SOA,ns-ext-01.spc.va. hostmaster.spc.va. 202009020 900 1814400 10800,
pressva.va,TXT,v=spf1MX|a:mail.spc.va|a:mxgw-master.spc.va|a:mxgw-01.spc.va|a:mxgw-02.spc.va|-all,
profide.va,MX,mx11.vatican.va,
profide.va,MX,mx12.vatican.va,
profide.va,TXT,v=spf1 ip4:212.77.4.23 ip4:212.77.4.24 ip4:212.77.4.25 ip4:212.77.4.26 ~all,
projects.catholica.va,CNAME,irvproxy.catholica.va,
projects.oessh.va,CNAME,irvp-103-oessh.catholica.va,
propagandafide.va,MX,mx11.vatican.va,
propagandafide.va,MX,mx12.vatican.va,
propagandafide.va,TXT,v=spf1 ip4:212.77.4.23 ip4:212.77.4.24 ip4:212.77.4.25 ip4:212.77.4.26 ~all,
propagandafide.va,TXT,wMfs62nbcxbjZ3Uxas1aJ18FmxjfK2BVAqWZ++p+CMc=,
propfidei.va,MX,mx11.vatican.va,
propfidei.va,MX,mx12.vatican.va,
propfidei.va,TXT,v=spf1 ip4:212.77.4.23 ip4:212.77.4.24 ip4:212.77.4.25 ip4:212.77.4.26 ~all,
psiv.catholica.va,CNAME,irvproxy.catholica.va,
publish.va,MX,mx11.vatican.va,
publish.va,MX,mx12.vatican.va,
publish.va,TXT,v=spf1 ip4:212.77.4.23 ip4:212.77.4.24 ip4:212.77.4.25 ip4:212.77.4.26 ~all,
raffaele.catholica.va,A,212.77.2.181,
register-stg.wyd.va,CNAME,irvp-110-wyd-staging.catholica.va,
register.wyd.va,CNAME,irvp-111-wyd.catholica.va,
religiosi.va,MX,mx11.vatican.va,
religiosi.va,MX,mx12.vatican.va,
religiosi.va,TXT,v=spf1 ip4:212.77.4.23 ip4:212.77.4.24 ip4:212.77.4.25 ip4:212.77.4.26 ~all,
relstat-segstat.va,MX,mx11.vatican.va,
relstat-segstat.va,MX,mx12.vatican.va,
relstat-segstat.va,TXT,v=spf1 ip4:212.77.4.23 ip4:212.77.4.24 ip4:212.77.4.25 ip4:212.77.4.26 ~all,
rotaromana.va,MX,mx11.vatican.va,
rotaromana.va,MX,mx12.vatican.va,
rotaromana.va,TXT,v=spf1 ip4:212.77.4.23 ip4:212.77.4.24 ip4:212.77.4.25 ip4:212.77.4.26 ~all,
rss.vatican.va,CNAME,wcm-disp.spc.va,
rv.va,NS,ns-ext-01.spc.va,
rv.va,NS,ns-ext-02.spc.va,
rv.va,NS,spc03.glauco.it,
salastampa.va,MX,mxgw-01.spc.va,
salastampa.va,MX,mxgw-02.spc.va,
salastampa.va,NS,ns-ext-01.spc.va,
salastampa.va,NS,ns-ext-02.spc.va,
salastampa.va,NS,spc03.glauco.it,
salastampa.va,SOA,ns-ext-01.spc.va. hostmaster.spc.va. 202103170 900 1814400 10800,
salastampa.va,TXT,globalsign-domain-verification=eXhWGo2wZ-m487gbpQWbAvDQCvkz8pGfRr3hDdCWIL,
salastampa.va,TXT,Nwdb5j8GJTaWqE2qj+RnsZHeZ6VBmfGGF3O+iPGpGPg=,
salastampa.va,TXT,v=spf1MX|a:mail.spc.va|a:mxgw-master.spc.va|a:mxgw-01.spc.va|a:mxgw-02.spc.va|-all,
santanna.va,MX,mx11.vatican.va,
santanna.va,MX,mx12.vatican.va,
santanna.va,TXT,v=spf1 ip4:212.77.4.23 ip4:212.77.4.24 ip4:212.77.4.25 ip4:212.77.4.26 ~all,
scador.catholica.va,CNAME,irvproxy.catholica.va,
scavi.va,MX,mx11.vatican.va,
scavi.va,MX,mx12.vatican.va,
scavi.va,TXT,v=spf1 ip4:212.77.4.23 ip4:212.77.4.24 ip4:212.77.4.25 ip4:212.77.4.26 ~all,
scienstor.va,MX,mx11.vatican.va,
scienstor.va,MX,mx12.vatican.va,
scienstor.va,TXT,v=spf1 ip4:212.77.4.23 ip4:212.77.4.24 ip4:212.77.4.25 ip4:212.77.4.26 ~all,
scv.va,MX,mx11.vatican.va,
scv.va,MX,mx12.vatican.va,
scv.va,TXT,cisco-ci-domain-verification=354c3e85a5dc98e2d3b1a906a445370fcf4df2d31fa2d7706f897d11e0b967aa,
scv.va,TXT,v=spf1 ip4:212.77.4.23 ip4:212.77.4.24 ip4:212.77.4.25 ip4:212.77.4.26 ~all,
sds.va,MX,mx11.vatican.va,
sds.va,MX,mx12.vatican.va,
sds.va,TXT,v=spf1 ip4:212.77.4.23 ip4:212.77.4.24 ip4:212.77.4.25 ip4:212.77.4.26 ~all,
secarch.va,MX,mx11.vatican.va,
secarch.va,MX,mx12.vatican.va,
secarch.va,TXT,v=spf1 ip4:212.77.4.23 ip4:212.77.4.24 ip4:212.77.4.25 ip4:212.77.4.26 ~all,
segstat.va,MX,mx11.vatican.va,
segstat.va,MX,mx12.vatican.va,
segstat.va,TXT,v=spf1 ip4:212.77.4.23 ip4:212.77.4.24 ip4:212.77.4.25 ip4:212.77.4.26 ~all,
sentry-devel.spc.va,A,212.77.12.104,
service-stg.wyd.va,CNAME,irvp-110-wyd-staging.catholica.va,
service.wyd.va,CNAME,irvp-112-wyd-bo.catholica.va,
servizi.gov.va,A,212.77.4.83,
servizi.gov.va,TXT,globalsign-domain-verification=GdjLeoHoeiZZql67aVS9QE2pnR75mf2O95smcPnELA,
shop-stg.museivaticani.va,CNAME,irvproxy-ngx.catholica-stg.va,
shop-test.museivaticani.va,CNAME,vportal.catholica.va,
shop.museivaticani.va,CNAME,irvp-89-mvshop.catholica.va,
sigri.apsa.va,CNAME,irvp-68-sigri-apsa.catholica.va,
sistinechapel.va,CNAME,mv.vatican.va,
sixtinischekapelle.va,CNAME,mv.vatican.va,
smtp.vatican.va,CNAME,michael.vatican.va,
spclists.va,MX,mx-11.spclists.va,
spclists.va,NS,ns-ext-01.spc.va,
spclists.va,NS,ns-ext-02.spc.va,
spclists.va,NS,spc03.glauco.it,
spclists.va,SOA,ns-ext-01.spc.va. hostmaster.spc.va. 201910180 900 1814400 10800,
spclists.va,TXT,g3KLQ+qu7Nx+qfnvxmxxzvEiHK9nPUYcjmDk4ngF0f0=,
spclists.va,TXT,v=spf1MX|a:mx-11.spclists.va|-all,
specola.va,MX,mx11.vatican.va,
specola.va,MX,mx12.vatican.va,
specola.va,TXT,v=spf1 ip4:212.77.4.23 ip4:212.77.4.24 ip4:212.77.4.25 ip4:212.77.4.26 ~all,
src.catholica.va,A,212.77.1.211,
srom.vatican.va,A,212.77.1.26,
stat.vatican.va,CNAME,vportal.catholica.va,
static-stg.museivaticani.va,CNAME,irvproxy-ngx.catholica-stg.va,
static.museivaticani.va,CNAME,irvp-89-mvshop.catholica.va,
statistica.va,MX,mx11.vatican.va,
statistica.va,MX,mx12.vatican.va,
statistica.va,TXT,v=spf1 ip4:212.77.4.23 ip4:212.77.4.24 ip4:212.77.4.25 ip4:212.77.4.26 ~all,
stream1.vatican.va,A,212.77.7.134,
support.catholica.va,CNAME,irvproxy-ngx.catholica.va,
supportoposta.vatican.va,A,212.77.4.42,
swisscdo.va,MX,mx11.vatican.va,
swisscdo.va,MX,mx12.vatican.va,
swisscdo.va,TXT,v=spf1 ip4:212.77.4.23 ip4:212.77.4.24 ip4:212.77.4.25 ip4:212.77.4.26 ~all,
swissgrd.va,MX,mx11.vatican.va,
swissgrd.va,MX,mx12.vatican.va,
synod.va,TXT,v=spf1 ip4:212.77.4.23 ip4:212.77.4.24 ip4:212.77.4.25 ip4:212.77.4.26 ~all,
synod14.vatican.va,CNAME,iwc2.vatican.va,
synod15.vatican.va,CNAME,iwc2.vatican.va,
t.va,CNAME,irvproxy.catholica.va,
telef.va,MX,mx11.vatican.va,
telef.va,MX,mx12.vatican.va,
telef.va,TXT,v=spf1 ip4:212.77.4.23 ip4:212.77.4.24 ip4:212.77.4.25 ip4:212.77.4.26 ~all,
test-ior.spc.va,A,185.152.70.62,
teutonico.va,MX,mx11.vatican.va,
teutonico.va,MX,mx12.vatican.va,
teutonico.va,TXT,v=spf1 ip4:212.77.4.23 ip4:212.77.4.24 ip4:212.77.4.25 ip4:212.77.4.26 ~all,
tickets-stg.museivaticani.va,A,212.77.4.107,
tickets.museivaticani.va,A,212.77.4.108,
tommaso.spc.va,A,185.152.69.1,
tribrota.va,MX,mx11.vatican.va,
tribrota.va,MX,mx12.vatican.va,
tribrota.va,TXT,v=spf1 ip4:212.77.4.23 ip4:212.77.4.24 ip4:212.77.4.25 ip4:212.77.4.26 ~all,
tribsgna.va,MX,mx11.vatican.va,
tribsgna.va,MX,mx12.vatican.va,
tribsgna.va,TXT,v=spf1 ip4:212.77.4.23 ip4:212.77.4.24 ip4:212.77.4.25 ip4:212.77.4.26 ~all,
ts.catholica.va,A,212.77.4.95,
turn.vatican.va,A,212.77.4.200,
tutelaminorum.va,MX,mx11.vatican.va,
tutelaminorum.va,MX,mx12.vatican.va,
tutelaminorum.va,TXT,v=spf1 ip4:212.77.4.23 ip4:212.77.4.24 ip4:212.77.4.25 ip4:212.77.4.26 ~all,
ufn.va,MX,mx11.vatican.va,
ufn.va,MX,mx12.vatican.va,
ufn.va,TXT,_globalsign-domain-verification=rsGpvqj7P_aiPA7_JH3n-jIJM38Mk7sVJf45yrokeg,
ufn.va,TXT,v=spf1 ip4:212.77.4.23 ip4:212.77.4.24 ip4:212.77.4.25 ip4:212.77.4.26 ~all,
ulsa.va,MX,mx11.vatican.va,
ulsa.va,MX,mx12.vatican.va,
ulsa.va,TXT,google-site-verification=z-TD7Anm2idTRPf4UFJxibIluKLRoZ-IlzpXAyVNobo,
ulsa.va,TXT,v=spf1 ip4:212.77.4.23 ip4:212.77.4.24 ip4:212.77.4.25 ip4:212.77.4.26 ~all,
vatican.va,MX,mx11.vatican.va,
vatican.va,MX,mx12.vatican.va,
vatican.va,NS,john.vatican.va,
vatican.va,NS,michael.vatican.va,
vatican.va,NS,ns2.nic.it,
vatican.va,NS,osiris.namex.it,
vatican.va,NS,seth.namex.it,
vatican.va,SOA,john.vatican.va. postmaster.vatican.va. 2020122901 1440 1209600 3600,
vatican.va,TXT,globalsign-domain-verification=8rsECp3MGYt5QN3XY8uoHYRogqyzoOFEu4qpxglVs_,
vatican.va,TXT,google-site-verification=xJIGtooD1R7HCcYnGpEnQJbesRSBdJmzNZX0WLDIMII,
vatican.va,TXT,qZudITCslr0iehQZGvmCMAudIoMx0B6R5qAN4D3hPKw=,
vatican.va,TXT,v=spf1 ip4:212.77.4.23 ip4:212.77.4.24 ip4:212.77.4.25 ip4:212.77.4.26 ~all,
vaticanlibrary.va,TXT,_globalsign-domain-verification=jFx08sFIsoQE69yB3FtiMPqw6mussyEiuVjRRQQKel,
vaticannews.va,A,185.152.70.47,
vaticannews.va,MX,mxgw-01.spc.va,
vaticannews.va,MX,mxgw-02.spc.va,
vaticannews.va,NS,ns-ext-01.spc.va,
vaticannews.va,NS,ns-ext-02.spc.va,
vaticannews.va,NS,spc03.glauco.it,
vaticannews.va,SOA,ns-ext-01.spc.va. hostmaster.spc.va. 2021032500 1440 1814400 10800,
vaticannews.va,TXT,v=spf1MX|a:mail.spc.va|a:mxgw-master.spc.va|a:mxgw-01.spc.va|a:mxgw-02.spc.va|-all,
vaticannews.va,TXT,XxV3vHyIFJaGFBc8zicpc2XntcSPaUdFJwxzKFlJXCQ=,
vaticanobservatory.va,MX,mx11.vatican.va,
vaticanobservatory.va,MX,mx12.vatican.va,
vaticanobservatory.va,TXT,v=spf1 ip4:212.77.4.23 ip4:212.77.4.24 ip4:212.77.4.25 ip4:212.77.4.26 ~all,
vaticanstate.va,A,212.77.4.171,
vaticloud.vatican.va,CNAME,irvp-50-vaticloud.catholica.va,
vatlib.va,MX,mx11.vatican.va,
vatlib.va,MX,mx12.vatican.va,
vatlib.va,TXT,v=spf1 ip4:212.77.4.23 ip4:212.77.4.24 ip4:212.77.4.25 ip4:212.77.4.26 ~all,
vc.vatican.va,CNAME,irvp-50-vaticloud.catholica.va,
vcloud.catholica.va,CNAME,irvproxy.catholica.va,
vicariate.va,MX,mx11.vatican.va,
vicariate.va,MX,mx12.vatican.va,
vicariate.va,TXT,v=spf1 ip4:212.77.4.23 ip4:212.77.4.24 ip4:212.77.4.25 ip4:212.77.4.26 ~all,
vicariato.va,MX,mx11.vatican.va,
vicariato.va,MX,mx12.vatican.va,
vicariato.va,TXT,v=spf1 ip4:212.77.4.23 ip4:212.77.4.24 ip4:212.77.4.25 ip4:212.77.4.26 ~all,
vod1.vatican.va,A,212.77.7.132,
vod4.vatican.va,A,212.77.7.136,
vpn-01.catholica.va,A,212.77.5.27,
vpn-02.catholica.va,A,212.77.5.50,
vpn-03.catholica.va,A,212.77.5.51,
vpn-04.catholica.va,A,212.77.5.52,
vportal.catholica.va,CNAME,irvp-77.catholica.va,
w2.vatican.va,CNAME,wcm-disp.spc.va,
wcm-author.catholica.va,CNAME,vportal.catholica.va,
wcm-disp.spc.va,A,185.152.70.33,
wcm-stg.catholica.va,A,212.77.4.80,
wcm-ulsa.catholica.va,A,212.77.4.71,
wcm.catholica.va,A,212.77.4.79,
wcmdevel-author.catholica.va,CNAME,vportal.catholica.va,
wcmstaging-author.catholica.va,CNAME,vportal.catholica.va,
webmail.caritas.va,A,212.77.12.116,
whois.catholica.va,CNAME,irvproxy.catholica.va,
widgets.vatican.va,CNAME,wcm-disp.spc.va,
wms.catholica.va,CNAME,idispatcher.catholica.va,
www-01.catholica.va,A,212.77.4.78,
www-02.catholica.va,A,212.77.4.81,
www-05.catholica.va,A,212.77.4.85,
www.academiadelasciencias.va,CNAME,cu-disp.spc.va,
www.academyforlife.va,CNAME,cu-disp.spc.va,
www.academyofsciences.va,CNAME,cu-disp.spc.va,
www.accademiascienze.va,CNAME,cu-disp.spc.va,
www.acdf.va,CNAME,cu-disp.spc.va,
www.aif.va,A,212.77.12.196,
www.americalatina.va,CNAME,cu-disp.spc.va,
www.annusfidei.va,CNAME,cu-disp.spc.va,
www.apnic.va,CNAME,cu-disp.spc.va,
www.archivioapostolicovaticano.va,CNAME,cu-disp.spc.va,
www.archivioradiovaticana.va,CNAME,archiviorv.azurefd.net,
www.archiviosegretovaticano.va,CNAME,cu-disp.spc.va,
www.archiviostoricopropaganda.va,CNAME,cu-disp.spc.va,
www.astronomy2009.va,CNAME,vportal.catholica.va,
www.asv.va,CNAME,idispatcher.catholica.va,
www.avepro.va,CNAME,irvproxy-ngx.catholica.va,
www.camposanto.va,CNAME,cu-disp.spc.va,
www.camposantoteutonico.va,CNAME,cu-disp.spc.va,
www.capillasixtina.va,CNAME,mv.vatican.va,
www.cappellamusicalepontificia.va,CNAME,cu-disp.spc.va,
www.cappellasistina.va,CNAME,mv.vatican.va,
www.casinapioiv.va,CNAME,cu-disp.spc.va,
www.catacombeditalia.va,CNAME,cu-disp.spc.va,
www.catholiceducation.va,CNAME,cu-disp.spc.va,
www.causesanti.va,CNAME,cms-disp.spc.va,
www.cce.va,CNAME,cu-disp.spc.va,
www.centesimusannus.va,CNAME,cu-disp.spc.va,
www.cfn.va,A,212.77.4.31,
www.cfn.va,TXT,_globalsign-domain-verification=yFbch6Ln1RLDdPuH7K1ppDuC9mLEcv5Eq3NnntgVx6,
www.chapellesixtine.va,CNAME,mv.vatican.va,
www.christianunity.va,CNAME,cu-disp.spc.va,
www.cimiteroteutonico.va,CNAME,cu-disp.spc.va,
www.cir.va,CNAME,cu-disp.spc.va,
www.clerus.va,CNAME,cu-disp.spc.va,
www.collegioteutonico.va,CNAME,cu-disp.spc.va,
www.congregationconsecratedlife.va,CNAME,cu-disp.spc.va,
www.congregazionevescovi.va,CNAME,cu-disp.spc.va,
www.congregazionevitaconsacrata.va,CNAME,cu-disp.spc.va,
www.congressieucaristici.va,CNAME,cu-disp.spc.va,
www.corunum.va,CNAME,cu-disp.spc.va,
www.ctv.va,CNAME,cms-disp.spc.va,
www.cultodivino.va,CNAME,cu-disp.spc.va,
www.cultura.va,CNAME,cu-disp.spc.va,
www.delegumtextibus.va,CNAME,cu-disp.spc.va,
www.deutscherfriedhof.va,CNAME,cu-disp.spc.va,
www.dispensariosantamarta.va,CNAME,cu-disp.spc.va,
www.ecosic.va,CNAME,cu-disp.spc.va,
www.educatio.va,CNAME,cu-disp.spc.va,
www.education.va,CNAME,cu-disp.spc.va,
www.elemosineria.va,A,212.77.4.104,
www.endslavery.va,CNAME,cu-disp.spc.va,
www.enic.va,CNAME,cu-disp.spc.va,
www.erzbruderschaft.va,CNAME,cu-disp.spc.va,
www.eym.va,CNAME,www.popesprayer.va,
www.famiglia.va,CNAME,irvproxy-ngx.catholica.va,
www.familia.va,CNAME,irvproxy-ngx.catholica.va,
www.famille.va,CNAME,irvproxy-ngx.catholica.va,
www.family.va,CNAME,irvproxy-ngx.catholica.va,
www.farmaciavaticana.va,A,212.77.4.47,
www.fas.va,CNAME,cu-disp.spc.va,
www.fondazioneratzinger.va,CNAME,cu-disp.spc.va,
www.fondazionevaticanagpi.va,CNAME,cms-disp.spc.va,
www.fratellitutti.va,CNAME,cms-disp.spc.va,
www.fundacionratzinger.va,CNAME,idispatcher.catholica.va,
www.gardesuisse.va,CNAME,idispatcher.catholica.va,
www.gerechtigkeitundfrieden.va,CNAME,cu-disp.spc.va,
www.giovannipaoloii.va,CNAME,www.vatican.va,
www.giubileodellamisericordia.va,CNAME,cu-disp.spc.va,
www.giustiziaepace.va,CNAME,cu-disp.spc.va,
www.guardiasvizzera.va,CNAME,idispatcher.catholica.va,
www.highereducation.va,CNAME,cu-disp.spc.va,
www.historia.va,CNAME,cu-disp.spc.va,
www.holysepulchre.va,CNAME,cu-disp.spc.va,
www.humandevelopment.va,CNAME,cms-disp-s.spc.va,
www.im.va,CNAME,cu-disp.spc.va,
www.intermirifica50.va,CNAME,idispatcher.catholica.va,
www.ior.va,CNAME,cu-disp.spc.va,
www.irc.va,CNAME,cu-disp.spc.va,
www.iubilaeummisericordiae.va,CNAME,cu-disp.spc.va,
www.iustitiaetpax.va,CNAME,cu-disp.spc.va,
www.jubilaumderbarmherzigkeit.va,CNAME,cu-disp.spc.va,
www.jubileeofmercy.va,CNAME,cu-disp.spc.va,
www.jubileuszmilosierdzia.va,CNAME,cu-disp.spc.va,
www.justiceandpeace.va,CNAME,cu-disp.spc.va,
www.justiceetpaix.va,CNAME,cu-disp.spc.va,
www.justpax.va,CNAME,cu-disp.spc.va,
www.laici.va,CNAME,cu-disp.spc.va,
www.laicos.va,CNAME,cu-disp.spc.va,
www.laity.va,CNAME,cu-disp.spc.va,
www.laityfamilylife.va,CNAME,cu-disp.spc.va,
www.latinitas.va,CNAME,cu-disp.spc.va,
www.laudatosi.va,CNAME,cu-disp.spc.va,
www.museivaticani.va,CNAME,mv-disp.spc.va,
www.museopropagandafide.va,CNAME,irvproxy-ngx.catholica.va,
www.musicasacra.va,CNAME,cu-disp.spc.va,
www.news.va,CNAME,rvproxy-inter.spc.va,
www.novaevangelizatio.va,CNAME,cu-disp.spc.va,
www.obolodisanpietro.va,A,185.152.70.19,
www.october2019.va,CNAME,cms-disp.spc.va,
www.oessh.va,CNAME,cu-disp.spc.va,
www.orientchurch.va,A,212.77.4.145,
www.orientchurch.va,TXT,_globalsign-domain-verification=YD57tqFyjiYomonZAFkGEV6I9wzLP5oK8sAT6ByRcB,
www.paess.va,CNAME,cu-disp.spc.va,
www.pas.va,CNAME,cu-disp.spc.va,
www.pass.va,CNAME,cu-disp.spc.va,
www.past.va,CNAME,cu-disp.spc.va,
www.pccs.va,CNAME,irvproxy.catholica.va,
www.pcf.va,CNAME,www.vatican.va,
www.pcpne.va,CNAME,cu-disp.spc.va,
www.penitenzieria.va,CNAME,cu-disp.spc.va,
www.peterspence.va,CNAME,www.obolodisanpietro.va,
www.photo.va,CNAME,photo.vaticanmedia.va,
www.photogallery.va,CNAME,wcm-disp.spc.va,
www.popesprayer.va,A,212.77.5.15,
www.ppoomm.va,A,185.152.70.17,
www.prefectureeconomicaffairs.va,CNAME,cu-disp.spc.va,
www.priesterkolleg.va,CNAME,cu-disp.spc.va,
www.protectionofminors.va,CNAME,cu-disp.spc.va,
www.rotaromana.va,CNAME,cu-disp.spc.va,
www.santanna.va,CNAME,irvproxy-ngx.catholica.va,
www.santosepolcro.va,CNAME,cu-disp.spc.va,
www.santuarioloreto.va,CNAME,cms-disp-s.spc.va,
www.scavi.va,CNAME,cu-disp.spc.va,
www.scuolavaticanapaleografia.va,CNAME,cu-disp.spc.va,
www.shades-acdf.va,A,212.77.4.43,
www.shades-acdf.va,TXT,_globalsign-domain-verification=_zgpi-vdvG25avjpaE62f57kYyZyC2oL0u2hy570ts,
www.sinodoamazonico.va,CNAME,cu-disp.spc.va,
www.sistinechapel.va,CNAME,mv.vatican.va,
www.sixtinischekapelle.va,CNAME,mv.vatican.va,
www.synod.va,CNAME,cu-disp.spc.va,
www.synod2018.va,CNAME,cu-disp.spc.va,
www.test23111973.va,CNAME,seraphin.vatican.va,
www.theologia.va,CNAME,cu-disp.spc.va,
www.tutelademenores.va,CNAME,cu-disp.spc.va,
www.tutelaminorum.va,CNAME,cu-disp.spc.va,
www.ufn.va,A,212.77.4.51,
www.ufn.va,TXT,_globalsign-domain-verification=rsGpvqj7P_aiPA7_JH3n-jIJM38Mk7sVJf45yrokeg,
www.ulsa.va,CNAME,cu-disp.spc.va,
www.va,CNAME,www.vatican.va,
www.vatican.va,CNAME,wcm-disp.spc.va,
www.vaticanlibrary.va,A,212.77.5.67,
www.vaticanlibrary.va,TXT,_globalsign-domain-verification=jFx08sFIsoQE69yB3FtiMPqw6mussyEiuVjRRQQKel,
www.vaticannews.va,CNAME,www-vn.azureedge.net,
www.vaticanobservatory.va,CNAME,cu-disp.spc.va,
www.vaticanstate.va,A,212.77.4.171,
www.vaticanstate.va,TXT,_globalsign-domain-verification=1En8hu/v9GQhtHebn8M+oWj9hx3/Wf19jhEm/R6hgho=,
www.wyd.va,CNAME,idispatcher.catholica.va,
www.xn--academiadascincias-6wb.va,CNAME,cu-disp.spc.va,
www.xn--ppstlicheakademiederwissenschaften-b4c.va,CNAME,cu-disp.spc.va,
www.yearoffaith.va,CNAME,cu-disp.spc.va,
www2-stg.vatican.va,CNAME,wcm-stg.catholica.va,
wyd.va,MX,mx11.vatican.va,
wyd.va,MX,mx12.vatican.va,
wyd.va,TXT,_globalsign-domain-verification=TW70cZEdu5GmVQGixT0aZ18qv4mOz2gjwLRY0WtEll,
wyd.va,TXT,v=spf1 ip4:212.77.4.23 ip4:212.77.4.24 ip4:212.77.4.25 ip4:212.77.4.26 ~all,
zoom-stg-mmr-01.spc.va,A,185.152.70.192,
zoom-stg.spc.va,A,185.152.70.191,
zoom.museivaticani.va,CNAME,irvproxy.catholica.va,
andrea.spc.va,A,185.152.69.154,
conference.spc.va,A,185.152.70.160,
simone.spc.va,A,185.152.69.146,
giovanni.spc.va,A,185.152.69.3,
mdm-devel.spc.va,A,212.77.12.100,
bartolomeo.spc.va,A,185.152.69.139,
matteo.spc.va,A,185.152.69.155,
giacomo.spc.va,A,185.152.69.138,
pietro.spc.va,A,185.152.69.2,
press-disp.spc.va,A,185.152.70.35,
rvproxy-inter.spc.va,A,185.152.70.79,
ns-ext-master.spc.va,A,185.152.70.124,
vseat.spc.va,A,185.152.70.190,
fileingest.spc.va,A,185.152.70.200,
cust-212-77-3-127.ias.va,A,212.77.3.127,
cust-212-77-3-80.ias.va,A,212.77.3.80,
cust-212-77-12-133.ias.va,A,212.77.12.133,
cust-212-77-12-97.ias.va,A,212.77.12.97,
cust-212-77-12-248.ias.va,A,212.77.12.248,
cust-212-77-12-72.ias.va,A,212.77.12.72,
cust-212-77-12-213.ias.va,A,212.77.12.213,
cust-212-77-3-56.ias.va,A,212.77.3.56,
cust-212-77-3-199.ias.va,A,212.77.3.199,
cust-212-77-3-119.ias.va,A,212.77.3.119,
cust-212-77-12-26.ias.va,A,212.77.12.26,
cust-212-77-12-54.ias.va,A,212.77.12.54,
cust-212-77-3-136.ias.va,A,212.77.3.136,
cust-212-77-12-63.ias.va,A,212.77.12.63,
cust-212-77-3-167.ias.va,A,212.77.3.167,
cust-212-77-3-135.ias.va,A,212.77.3.135,
cust-212-77-3-186.ias.va,A,212.77.3.186,
cust-212-77-3-92.ias.va,A,212.77.3.92,
cust-212-77-3-41.ias.va,A,212.77.3.41,
cust-212-77-3-116.ias.va,A,212.77.3.116,
cust-212-77-3-108.ias.va,A,212.77.3.108,
cust-212-77-3-233.ias.va,A,212.77.3.233,
cust-212-77-3-51.ias.va,A,212.77.3.51,
cust-212-77-3-174.ias.va,A,212.77.3.174,
cust-212-77-12-235.ias.va,A,212.77.12.235,
cust-212-77-12-125.ias.va,A,212.77.12.125,
cust-212-77-12-183.ias.va,A,212.77.12.183,
cust-212-77-3-249.ias.va,A,212.77.3.249,
cust-212-77-12-98.ias.va,A,212.77.12.98,
cust-212-77-3-89.ias.va,A,212.77.3.89,
cust-212-77-3-142.ias.va,A,212.77.3.142,
cust-212-77-12-93.ias.va,A,212.77.12.93,
cust-212-77-12-5.ias.va,A,212.77.12.5,
cust-212-77-3-147.ias.va,A,212.77.3.147,
cust-212-77-3-140.ias.va,A,212.77.3.140,
cust-212-77-3-231.ias.va,A,212.77.3.231,
cust-212-77-12-111.ias.va,A,212.77.12.111,
cust-212-77-3-176.ias.va,A,212.77.3.176,
cust-212-77-3-48.ias.va,A,212.77.3.48,
cust-212-77-3-181.ias.va,A,212.77.3.181,
cust-212-77-3-129.ias.va,A,212.77.3.129,
cust-212-77-3-118.ias.va,A,212.77.3.118,
cust-212-77-12-107.ias.va,A,212.77.12.107,
cust-212-77-12-16.ias.va,A,212.77.12.16,
cust-212-77-12-55.ias.va,A,212.77.12.55,
cust-212-77-3-12.ias.va,A,212.77.3.12,
cust-212-77-3-239.ias.va,A,212.77.3.239,
cust-212-77-12-64.ias.va,A,212.77.12.64,
cust-212-77-12-219.ias.va,A,212.77.12.219,
cust-212-77-3-182.ias.va,A,212.77.3.182,
cust-212-77-12-240.ias.va,A,212.77.12.240,
cust-212-77-3-168.ias.va,A,212.77.3.168,
cust-212-77-12-148.ias.va,A,212.77.12.148,
cust-212-77-3-217.ias.va,A,212.77.3.217,
cust-212-77-3-121.ias.va,A,212.77.3.121,
cust-212-77-12-163.ias.va,A,212.77.12.163,
cust-212-77-12-153.ias.va,A,212.77.12.153,
cust-212-77-12-18.ias.va,A,212.77.12.18,
cust-212-77-12-75.ias.va,A,212.77.12.75,
cust-212-77-12-11.ias.va,A,212.77.12.11,
cust-212-77-3-104.ias.va,A,212.77.3.104,
cust-212-77-3-124.ias.va,A,212.77.3.124,
cust-212-77-3-67.ias.va,A,212.77.3.67,
cust-212-77-12-166.ias.va,A,212.77.12.166,
cust-212-77-3-206.ias.va,A,212.77.3.206,
cust-212-77-12-47.ias.va,A,212.77.12.47,
cust-212-77-12-59.ias.va,A,212.77.12.59,
cust-212-77-12-21.ias.va,A,212.77.12.21,
cust-212-77-12-135.ias.va,A,212.77.12.135,
cust-212-77-3-29.ias.va,A,212.77.3.29,
cust-212-77-3-163.ias.va,A,212.77.3.163,
cust-212-77-12-214.ias.va,A,212.77.12.214,
cust-212-77-3-204.ias.va,A,212.77.3.204,
cust-212-77-12-228.ias.va,A,212.77.12.228,
cust-212-77-12-57.ias.va,A,212.77.12.57,
cust-212-77-12-82.ias.va,A,212.77.12.82,
cust-212-77-12-151.ias.va,A,212.77.12.151,
cust-212-77-3-105.ias.va,A,212.77.3.105,
cust-212-77-12-79.ias.va,A,212.77.12.79,
cust-212-77-12-182.ias.va,A,212.77.12.182,
cust-212-77-3-180.ias.va,A,212.77.3.180,
cust-212-77-12-114.ias.va,A,212.77.12.114,
cust-212-77-3-36.ias.va,A,212.77.3.36,
cust-212-77-3-14.ias.va,A,212.77.3.14,
cust-212-77-12-24.ias.va,A,212.77.12.24,
cust-212-77-12-46.ias.va,A,212.77.12.46,
cust-212-77-12-42.ias.va,A,212.77.12.42,
cust-212-77-3-75.ias.va,A,212.77.3.75,
cust-212-77-3-1.ias.va,A,212.77.3.1,
cust-212-77-12-58.ias.va,A,212.77.12.58,
cust-212-77-12-39.ias.va,A,212.77.12.39,
cust-212-77-3-234.ias.va,A,212.77.3.234,
cust-212-77-3-153.ias.va,A,212.77.3.153,
cust-212-77-3-195.ias.va,A,212.77.3.195,
cust-212-77-12-115.ias.va,A,212.77.12.115,
cust-212-77-3-79.ias.va,A,212.77.3.79,
cust-212-77-12-191.ias.va,A,212.77.12.191,
cust-212-77-3-76.ias.va,A,212.77.3.76,
cust-212-77-12-132.ias.va,A,212.77.12.132,
cust-212-77-3-230.ias.va,A,212.77.3.230,
cust-212-77-12-215.ias.va,A,212.77.12.215,
cust-212-77-12-176.ias.va,A,212.77.12.176,
cust-212-77-3-192.ias.va,A,212.77.3.192,
cust-212-77-3-248.ias.va,A,212.77.3.248,
cust-212-77-12-9.ias.va,A,212.77.12.9,
cust-212-77-3-189.ias.va,A,212.77.3.189,
cust-212-77-3-5.ias.va,A,212.77.3.5,
cust-212-77-12-222.ias.va,A,212.77.12.222,
cust-212-77-12-217.ias.va,A,212.77.12.217,
cust-212-77-12-179.ias.va,A,212.77.12.179,
cust-212-77-12-152.ias.va,A,212.77.12.152,
cust-212-77-3-38.ias.va,A,212.77.3.38,
cust-212-77-12-69.ias.va,A,212.77.12.69,
cust-212-77-12-48.ias.va,A,212.77.12.48,
cust-212-77-3-235.ias.va,A,212.77.3.235,
cust-212-77-12-14.ias.va,A,212.77.12.14,
cust-212-77-3-128.ias.va,A,212.77.3.128,
cust-212-77-3-137.ias.va,A,212.77.3.137,
cust-212-77-12-13.ias.va,A,212.77.12.13,
cust-212-77-3-27.ias.va,A,212.77.3.27,
cust-212-77-12-236.ias.va,A,212.77.12.236,
cust-212-77-12-145.ias.va,A,212.77.12.145,
cust-212-77-12-37.ias.va,A,212.77.12.37,
cust-212-77-3-141.ias.va,A,212.77.3.141,
cust-212-77-12-150.ias.va,A,212.77.12.150,
cust-212-77-3-111.ias.va,A,212.77.3.111,